{"cameraMode":{"drawMode":0,"name":"Shaded","section":"Shading Mode"},"sceneLighting":true,"audioPlay":false,"sceneViewState":{"m_AlwaysRefresh":false,"showFog":true,"showSkybox":true,"showFlares":true,"showImageEffects":true,"showParticleSystems":true,"showVisualEffectGraphs":true,"m_FxEnabled":true},"in2DMode":false,"pivot":{"x":0.21474933624267579,"y":3.2066524028778078,"z":0.015547160059213639},"rotation":{"x":-0.008087928406894207,"y":-0.6954127550125122,"z":0.0071865045465528969,"w":-0.718708336353302},"size":6.152962684631348,"orthographic":true}