{"cameraMode":{"drawMode":0,"name":"Shaded","section":"Shading Mode"},"sceneLighting":false,"audioPlay":false,"sceneViewState":{"m_AlwaysRefresh":false,"showFog":true,"showSkybox":false,"showFlares":true,"showImageEffects":true,"showParticleSystems":true,"showVisualEffectGraphs":true,"m_FxEnabled":true},"in2DMode":false,"pivot":{"x":0.25699999928474429,"y":0.6309999823570252,"z":-2.3440001010894777},"rotation":{"x":-0.21320271492004395,"y":-0.19429819285869599,"z":0.043308574706315997,"w":-0.9565200209617615},"size":0.3502553105354309,"orthographic":false}